Code,Lat,Long,State,news_count,headlines
DL,28.7041,77.1025,Delhi,128,"➤ 25% tariff threat: Trump’s Iran move rattles Xi; will it upend US-China truce?<br>➤ Operation Gang Bust: Delhi Police arrest over 500 criminals in 48 hours in fresh drive<br>➤ Vijay Hazare Trophy: Delhi Knocked Out; Patidar's MP Suffer Humiliating Loss<br>➤ 280 Gangsters Arrested In 5 States: Inside Delhi Police's 'Op Gang Bust'<br>➤ 7 Winter Street Food Favourites From Dilli Ki Galiyan<br>➤ Central Railway passenger traffic soars in FY26, revenue touches Rs 5,881 crore till December<br>➤ Rs 3,600 crore investment: What’s changing at 101 railway stations in West Bengal under Amrit Bharat Station Scheme<br>➤ Exclusive: Plans for four agile Army battle groups in the east gather pace<br>➤ Amid Bar association boycott, CJI lays foundation stone for ‘integrated judicial complex’ in North Guwahati<br>➤ Vande Bharat Sleeper to Amrit Bharat Express: Poll-bound West Bengal, Assam to get 11 new trains – Full list, routes<br>➤ ‘Why are you so worried, Mamata ji?’: BJP raps West Bengal CM for ‘snatching files’ during ED raid at I-PAC chief Pratik Jain’s Kolkata house<br>➤ Disquiet on Trump’s PM remark, but Delhi chooses not to react<br>➤ North, central India brace for a sharper cold wave: Temperature likely to fall 2-3°C in two days; dense fog to persist, says IMD<br>➤ Jitesh Sharma reacts to SHOCKING World Cup snub, says, ‘I was not…’<br>➤ SIR Process In West Bengal: Warnings, Legal Hurdles, And Voter Impact<br>➤ CBI summons Vijay again on 19 Jan for enquiry<br>➤ 'No more 10-minute delivery': Quick commerce players do away with deadline after labour minister intervenes<br>➤ Tata Motors launches all-new Punch SUV starting at Rs 5.59 lakh<br>➤ West Indies begin T20 World Cup preparation with Afghanistan series; King to lead<br>➤ India AI Impact Summit set to be a defining moment for India's AI journey<br>➤ ""BRICS must commit to reformed multilateralism reflecting contemporary realities"": EAM Jaishankar<br>➤ ""No talks on nuclear issue between DGMOs of India, Pak during Op Sindoor"": Army Chief General Dwivedi<br>➤ Tamil Nadu: TVK chief Vijay returns to Chennai after '7 hours' of CBI questioning on Karur stampede<br>➤ SC grants bail to MLA Abbas Ansari in UP Gangsters Act case<br>➤ Yash Rathod's 86 guides Vidarbha to 300/9 in Vijay Hazare Trophy quarter-final<br>➤ Venezuela crisis to have no impact on India, its companies: Crisil<br>➤ 87% of women-led MSMEs project strong growth in 2026, 72% of overall MSMEs plan to open new outlets: Report<br>➤ Delhi Police's 'Operation Gang Bust 2026': Arrests of 854 accused, 280 gangsters in 48-hour mega crackdown<br>➤ India's financial inclusion transforms lives of millions: DFS Secretary<br>➤ Supreme Court issues notice in Haryana DSP seniority dispute; UPSC impleaded<br>➤ Supreme Court issues notice in Haryana DSP seniority dispute; UPSC impleaded as respondent<br>➤ South-East Asia marks 15 years since last case of polio, legacy drives broader public health gains<br>➤ ""Attack on Tamil culture"": Rahul Gandhi backs Vijay's 'Jana Nayagan', attacks Centre over film certification<br>➤ Chinese Communist Party leaders meet RSS Sarkaryavah Dattatreya Hosabale in courtesy call<br>➤ Hidden Charges You Must Know Before Taking a Personal Loan<br>➤ ISPL Season 3: Bowlers defend 82 to hand Delhi Superheros first win against Majhi Mumbai<br>➤ Tamil Nadu to Host India's First Sovereign AI Park in Partnership with Sarvam AI<br>➤ USISPF applauds Ambassador Gor's vision for expanding US-India partnership<br>➤ ""Non-existent"" terrorist recruitment indicates positive change in J-K: Army Chief Dwivedi<br>➤ ""Arvind Kejriwal should have asked her to apologise"": Kapil Mishra on Atishi's alleged Guru Tegh Bahadur remark<br>➤ Despite global challenges, India's growth resilient, interest rates and low crude prices support pick-up: Report<br>➤ ""Preparing for ceremonial entry into Port Sultan Qaboos"": Sanjeev Sanyal on Day 16 of INSV Kaundinya's voyage<br>➤ IT Min Vaishnaw holds talks with Assistant to US President on AI Summit<br>➤ NGT directs WB authorities to clear Howrah's Belgachia dumpyard, enforce Solid Waste Management Rules<br>➤ ""Best example of tri-service synergy with full freedom to act"": Army Chief General Dwivedi says 'Op Sindoor ongoing'<br>➤ DMK's Dayanidhi Maran sparks debate says, ""In North India, girls are kept at home, but we want our girls to study""<br>➤ PSU banks to outperform system credit growth over medium term: HSBC Report<br>➤ EaseMyTrip announces 'Republic Day Travel Sale', offering big savings deals across flights, hotels, buses and more<br>➤ EAM says ""resilience, innovation, cooperation, and sustainability"" four ""broad priorities"" for India's BRICS 2026 Chairship<br>➤ BJP leadership meets to decide on national party president election<br>➤ Abu Dhabi Arabic Language Centre participates in New Delhi World Book Fair<br>➤ India's auto sales record robust growth across segments in 2025 on supportive policies<br>➤ Another feather in India's Tiger conservation story, under 5% mortality recorded in over 4 years<br>➤ Union Minister Kiren Rijiju arrives in Lucknow, to participate in VB G RAM G act events<br>➤ ""India's BRICS chairship will seek to bring global welfare,"" EAM says at BRICS logo unveiling<br>➤ RBI may need to do more open market operations to keep bond prices in check amid global tensions: SBI<br>➤ India reacts to German call to reduce 'dependence' on Russian weapons<br>➤ EAM Jaishankar launches logo, official website of BRICS 2026 under India Chairship<br>➤ Delhi Police launches 'Operation Gang Bust', arrests over 500 criminals<br>➤ Yash starrer 'Toxic' lands in legal trouble after activist moves CBFC over ""obscene, morally offensive scenes""<br>➤ Hindu man Shomir Das killed in Bangladesh, BJP's Amit Malviya says ""Interim govt not reined in tormentors of Hindus""<br>➤ Central govt capex likely to slow in rest of FY26 as spending front-loaded in first half: Morgan Stanley<br>➤ Defence Minister addresses joint services Multi-Speciality camp in Lakshadweep via video conference<br>➤ NIA takes over probe into Illegal Bangladeshi infiltration case from Delhi Police, begins investigation<br>➤ Rashtrapati Bhavan sends unique invitation showcasing North East's rich heritage to guests for the 'At Home' reception<br>➤ Delhi: Two motorcycle-borne men fire shots in air outside Pashchim Vihar gym<br>➤ ""Hugs exchanged even as China settles villages in Arunachal"": Supriya Shrinate slams BJP for meeting CCP delegation<br>➤ 2025 marks consolidation for Indian internet stocks, investors now await earnings clarity: Morgan Stanley<br>➤ DC's special team outing, Jemimah Rodrigues jams with Shankar Mahadevan<br>➤ Delhi HC issues 10-point health reform roadmap, seeks time-bound compliance<br>➤ No US official came to receive Ashwini Vaishnaw: Congress' Supriya Shrinate claims ""failure of diplomacy""<br>➤ Vijay starrer 'Jana Nayagan' makers move SC; seek ex-parte stay on Madras HC order stalling certification<br>➤ ""Action will definitely be taken"": BJP MP Ghulam Ali Khatana on e-cigarette complaint against TMC MP<br>➤ Indian High Commissioner meets Kenya's Prime Cabinet Secretary; sides agree to convene Joint Commission for Cooperation<br>➤ Trump's tariff warning on Iran trade raises concerns for Indian rice exporters: IREF<br>➤ ""Heartiest greetings to all of you"": Congress leader Mallikarjun Kharge extends Lohri greetings<br>➤ Delhi freezes as cold wave intensifies, AQI remains in 'very poor' category<br>➤ ""Cases of angina, heart attack increase during winter"": AIIMS Expert<br>➤ Think relationship with Bangladesh will come back on even keel: Congress' Manish Tewari<br>➤ President Murmu extends Lohri, Makar Sankranti, Pongal, Magh Bihu greetings<br>➤ India's inclusion in Pax silica reflects strategic trust: MeitY Secretary<br>➤ The Powerful Rise of Sports Analytics: How Wearables and Software Transform Athletic Performance<br>➤ Republic Day Curbs: Flying via Delhi Next Week? Airspace Restrictions From Jan 21-Check Advisory<br>➤ AI errors in voter list digitisation causing hardship during SIR, Mamata writes to EC chief<br>➤ Communist Party of China delegation visits BJP headquarters in Delhi<br>➤ No more 10-minute delivery: Blinkit, Zepto, Zomato Flipkart Minutes to end quick delivery service after Labour Ministry’s intervention, all you need to know<br>➤ No Legitimate Rule: The 1951 Annexation of Tibet and Coercion in Illusion of Consent<br>➤ PM Modi to Occupy New ‘Seva Teerth’ Office on Makar Sankranti, Marking an End to South Block Era After 77 Years<br>➤ RBI’s $10 billion FX swap oversubscribed three times<br>➤ TARC reports ₹977 crore sales in nine months, cash flows at ₹910 crore<br>➤ Orion Innovation expand Kochi facility, launch OI Envision Studio<br>➤ Sensex, Nifty seen opening firm amid earnings focus, tariff worries<br>➤ As We Fly Kites This Makar Sankranti, A Small Choice Can Make Skies Safer for Birds<br>➤ Couple Quits Gurugram Life to Build Storybook Homestay in the Forests of Himachal<br>➤ Meet the UP Coach Training 300+ Squash Players & Creating Champions From Small Towns<br>➤ IAS Officer Uses IoT to Raise Water Supply, Cut Power Bills by 40% in 16 Villages<br>➤ From Snake Rescues to Safer Honey Collection: These Heroes Protect the Sundarbans<br>➤ The Story Behind the Culinary Genius Whose Lucknow Cuisine Was Loved by the Queen<br>➤ How an IAS Officer Rejuvenated the 110-km Sot River and Transformed Sambhal’s Water Landscape<br>➤ Short Trip Ideas For Long Weekends From Jan to May 2026<br>➤ Chandni Chowk to Dal Lake: A Walk Through India’s Iconic ‘Chor’ Bazaars<br>➤ Watch | What These Parents Did When Their Child Hit an Emotional Low Is Rare<br>➤ Indian Engineers Develop Life-Saving Wearable Tech Device For Newborns<br>➤ Boys Don't  Dance Like That!<br>➤ St Stephen’s College: The Untold Story of Its Humble Beginnings in Chandni Chowk<br>➤ Video: Film shooting at Hyderabad’s Numaish, Pushpa actor spotted<br>➤ Hyderabad: Iconic Bollywood song that closes Numaish every night<br>➤ West Bengal Nipah Alert: What the Virus Is and Why It Worries Experts<br>➤ Punjab Police Officers Request Additional Time to Respond to FIR Against Kapil Mishra Over Video Controversy<br>➤ Delhi Government Considers Transforming Rajghat Power Plant into Cultural and Culinary Hub<br>➤ Delhi-NCR Residents Shiver As It’s Cooler Than Shimla; IMD Issues Cold Wave And Fog Warning<br>➤ PM Modi to Start Working from New Office on January 14 Makar Sankranti<br>➤ ‘It Wasn’t His Fault’: TVK Chief And Actor Vijay’s Fans Continue To Wait Outside CBI Office<br>➤ West Bengal: Bullet Khan of TMC arrested for abetting BLO Hamimul’s suicide, exposes party’s misleading anti-SIR claim<br>➤ Kerala tops inflation nationwide, funds remain unutilised as state blames centre; BJP flags fiscal mismanagement<br>➤ Shaksgam Valley is sacrosanct to Indian Union: New Delhi debunks the illegal claim of China over strategic zone in PoJK<br>➤ Odisha: Concern over law and order as local residents oppose proposed Tablighi event in Khurda district<br>➤ UP police arrest Khalid & two others for identity fraud, recover fake Aadhaar cards bearing both Hindu & Muslim names<br>➤ Delhi CM distributes Rs 25.25 crore scholarships to 1,709 students<br>➤ Gen-Z protests in 3 Asian nations must be examined: Manish Tewari<br>➤ Citizenship For Rs 30,000? NDTV Report On Illegal Immigration In Mumbai<br>➤ Operation Gang Bust: Delhi Police Arrests 280 Gangsters In 48-hour Crackdown<br>➤ Shots Fired At Delhi Gym, Lawrence Bishnoi Gang Claims Responsibility<br>➤ Delhi Schools To Release Nursery And Class 1 Admission Lists With Points Based Criteria<br>➤ Nipah Virus Suspected In West Bengal: Know Symptoms, Causes And Preventive Measures<br>➤ Delhi Airport Ops To Be Hit For 6 Days For Republic Day Security<br>➤ At 3 Degrees Celsius, Delhi Wakes Up To Coldest January Morning In 3 Years<br>➤ Rodenticides Traces Found In Dead Chousinghas At Delhi Zoo, Reveals Report"
MH,19.7515,75.7139,Maharashtra,32,"➤ UP man clubs mother, wife to death, chews flesh from skulls; village watches in terror<br>➤ On Post-Poll Ties With BJP In Mumbai Civic Body, Ajit Pawar's Emphatic No<br>➤ The World’s Happiest cities list is out and Mumbai is ranked…<br>➤ Mumbai airport among the 10 best in 2025. Here’s who else is on the list<br>➤ ISPL Season 3: Bowlers defend 82 to hand Delhi Superheros first win against Majhi Mumbai<br>➤ ""These cowards...who is this Annamalai?"" Saamana editorial slams remarks on Mumbai by BJP leader<br>➤ ""Marathi manus in danger because of BJP"": Sanjay Raut lambasts Devendra Fadnavis' critique of Thackeray brothers<br>➤ NCP's Nawab Malik takes swipe at CM Fadnavis, K Annamalai over divisive politics remarks ahead of BMC polls<br>➤ ""Do not like this, I have a secular mindset"": Ajit Pawar condemns 'communal remarks' amid BMC polls<br>➤ ""We have to play good cricket to come back"": Coach Abhishek Nayar after UPW's loss to RCB<br>➤ Mischief during Hindu festivals won't be tolerated: BJP's Nitesh Rane as Municipal poll battle intensifies<br>➤ Corruption increasing in PCMC; need to clean city: Ajit Pawar repeats charge against BJP<br>➤ Have always fought against each other, nothing different here: Ajit Pawar on NCP's breakaway from Mahayuti for local body polls<br>➤ ""Money being offered to voters, candidates"": Raj Thackeray's serious charge against Mahayuti ahead of Maharashtra civic polls<br>➤ ‘Rasmalai, Lungi & Threats’: Election Rhetoric Hits New Low In Maharashtra BMC Polls<br>➤ Ajit Pawar did not uphold commitment for friendly contest in Pune: Maharashtra CM Fadnavis on NCP chief’s corruption allegations<br>➤ Good News! MPSC Increases Vacancies For Maharashtra Gazetted State Services Exam 2025 From 385 To 605<br>➤ Mumbai Marathon 2026: Complete Route Explained, Key Roads, Turns & Challenge Zones<br>➤ Mumbai Patients Stick To Branded Medicines Despite Affordable Generic Options<br>➤ Maharashtra News: 'Those Playing Politics In Name Of Marathi Identity Should First Look At History,' Says BJP State President Ravindra Chavan<br>➤ Navi Mumbai International Airport to be named after D B Patil: Fadnavis<br>➤ Despite Studying 14 Hrs a Day & Clearing CA, This 26-YO Chose 'Wellness' as a Career<br>➤ Chandni Chowk to Dal Lake: A Walk Through India’s Iconic ‘Chor’ Bazaars<br>➤ Emraan Hashmi’s flight fails to land in Ahmedabad: Reports<br>➤ Liquor, drugs, weapons seized in Maharashtra’s Nanded ahead of civic polls<br>➤ Fadnavis Critiques Thackeray Cousins' Survival Struggle Ahead of BMC Election<br>➤ BMC Elections: Annamalai Responds Sharply to Raj Thackeray’s ‘Rasmalai’ Comment<br>➤ I miss how Lohri felt at home: Arsh Aneja<br>➤ Before buying a BMW, Mumbai entrepreneur called his father - what he said struck a chord online<br>➤ Annamalai's Mumbai remark sparks row<br>➤ Citizenship For Rs 30,000? NDTV Report On Illegal Immigration In Mumbai<br>➤ IIM Nagpur MBA Admissions 2026-28: Fees, Seats, Selection Explained"
TN,11.1271,78.6569,Tamil Nadu,22,"➤ Amid Trump tariff worries, a Tamil Nadu caution: 30 lakh jobs at risk<br>➤ Here’s how Southern Railway’s coaching terminal expansion will help to run more trains from Chennai, Coimbatore & Ernakulam<br>➤ Karur stampede case: CBI summons Vijay for questioning<br>➤ Book in advance for Pongal special buses: TN govt<br>➤ CBI summons Vijay again on 19 Jan for enquiry<br>➤ Pongal fete: Banks in TN to remain closed for 4 days<br>➤ Tamil Nadu: TVK chief Vijay returns to Chennai after '7 hours' of CBI questioning on Karur stampede<br>➤ Tamil Nadu to Host India's First Sovereign AI Park in Partnership with Sarvam AI<br>➤ DMK's Dayanidhi Maran sparks debate says, ""In North India, girls are kept at home, but we want our girls to study""<br>➤ Tamil Nadu Dy CM Udhayanidhi Stalin distributes laptops to students under Ulagam Ungal Kaiyil scheme<br>➤ NCP's Nawab Malik takes swipe at CM Fadnavis, K Annamalai over divisive politics remarks ahead of BMC polls<br>➤ Tamil Nadu Youth Congress Seeks Ban On Sivakarthikeyan’s Parasakthi, Calls It 'Pro-DMK, Anti-Hindu'<br>➤ Leaders will take call on alliance for TN Assembly polls: TVK General Secy after Vijay returns to Chennai<br>➤ 'Develop India That Respects All Languages': Congress Leader Rahul Gandhi At Gudalur School Event In Tamil Nadu | VIDEO<br>➤ Sabarimala season lifts pepper prices, cheers Idukki farmers<br>➤ TN releases policy on circular economy to enhance their competitiveness<br>➤ Tamil Nadu unveils Warehousing Policy 2026 to boost logistics in Tier II, III cities<br>➤ Chennai Airport’s T2 Expansion Project urged for timely completion<br>➤ How Chennai Took 1.7 Million Cubic Metres of Landfill Waste and Turned It Into Furniture<br>➤ IAS Officer Uses IoT to Raise Water Supply, Cut Power Bills by 40% in 16 Villages<br>➤ ‘It Wasn’t His Fault’: TVK Chief And Actor Vijay’s Fans Continue To Wait Outside CBI Office<br>➤ Kerala tops inflation nationwide, funds remain unutilised as state blames centre; BJP flags fiscal mismanagement"
KL,10.8505,76.2711,Kerala,20,"➤ ‘Extraordinary situation’: Kerala CM leads protest against ‘financial restrictions’ imposed by Centre<br>➤ Kerala MLA Rahul Mamkootathil arrested in third rape case against him<br>➤ Here’s how Southern Railway’s coaching terminal expansion will help to run more trains from Chennai, Coimbatore & Ernakulam<br>➤ No backbenchers, lighter schoolbags: Kerala schools will change from next academic year<br>➤ Pained over ideological deviation of CPM: Kerala Left’s media face Reji Lukose joins BJP<br>➤ From rescue to ‘attempted murder’: How a Kerala man’s attempt to ‘win back girlfriend’ backfired<br>➤ The first International Spice Routes Conference in Kerala tells the story of spices through ancient trade networks and social histories<br>➤ From Kerala to Punjab, 10 Indian states that have banned Coldrif cough syrup<br>➤ BJP Loses Bypoll in Thiruvananthapuram Corporation, Short of Majority by 1 Seat<br>➤ ""Mahatma Gandhi's name should be restored"": Ramesh Chennithala on VB G-RAM-G scheme replacing MGNREGA<br>➤ 'Love you to moon and back': CM Vijayan's silent gesture at LDF Satyagraha sparks debate, seen as support for Rahul Mamkootathil case survivor<br>➤ Sabarimala season lifts pepper prices, cheers Idukki farmers<br>➤ Short Trip Ideas For Long Weekends From Jan to May 2026<br>➤ Kerala unit of BJP extends support to renaming of state; sends letter to PM, CM<br>➤ Kerala Lottery Sthree Sakthi Winners 13 January - Full Results And Winning Numbers<br>➤ Kerala Chief Minister's Teacup During Protest Sparks Debate on Solidarity with Assault Survivor<br>➤ Kerala Bhagyathara Winners 12 January - Full Results And Prize Details<br>➤ Kerala tops inflation nationwide, funds remain unutilised as state blames centre; BJP flags fiscal mismanagement<br>➤ Kerala Elections 2026: Who will rule the Left's last bastion?<br>➤ Kerala Lawyer Dies After Gun Goes Off Accidentally As His Scooter Overturns"
WB,22.9868,87.855,West Bengal,15,"➤ Gold Today Rate, January 13: Check 18, 22 and 24 carat gold prices Chennai, Mumbai, Delhi, Kolkata and other cities<br>➤ Rs 3,600 crore investment: What’s changing at 101 railway stations in West Bengal under Amrit Bharat Station Scheme<br>➤ Gold Today Rate, January 12: Check 18, 22 and 24 carat gold prices Chennai, Mumbai, Delhi, Kolkata and other cities<br>➤ Howrah to Guwahati: Here’s how India’s 1st Vande Bharat sleeper train could transform travel experience<br>➤ ‘Why are you so worried, Mamata ji?’: BJP raps West Bengal CM for ‘snatching files’ during ED raid at I-PAC chief Pratik Jain’s Kolkata house<br>➤ Gold Today Rate, January 9: Check 18, 22 and 24 carat gold prices Chennai, Mumbai, Delhi, Kolkata and other cities<br>➤ Gold Today Rate, January 8: Check 18, 22 and 24 carat gold prices Chennai, Mumbai, Delhi, Kolkata and other cities<br>➤ NGT directs WB authorities to clear Howrah's Belgachia dumpyard, enforce Solid Waste Management Rules<br>➤ Purpose with Profit: This Kolkata Startup Has Made 100 Million Litres of Water from Air<br>➤ Chandni Chowk to Dal Lake: A Walk Through India’s Iconic ‘Chor’ Bazaars<br>➤ Boys Don't  Dance Like That!<br>➤ Kolkata Metro railway services face brief disruption due to power supply glitch<br>➤ West Bengal Nipah Alert: What the Virus Is and Why It Worries Experts<br>➤ West Bengal: Bullet Khan of TMC arrested for abetting BLO Hamimul’s suicide, exposes party’s misleading anti-SIR claim<br>➤ Power issue halts Kolkata metro briefly during peak hours"
JK,33.7782,76.5762,Jammu and Kashmir,13,"➤ J&amp;K: Security forces launch search operations in Kathua; gunshots heard<br>➤ Lt Governor Manoj Sinha Sacks 5 J&K Government Employees For Terror Links<br>➤ Forces make contact with terrorists in Jammu’s Kathua<br>➤ From pigeons to pistols: What security forces intercepted along the Jammu border ahead of Republic Day<br>➤ Arms consignment dropped by drone seized near IB in J-K’s Samba<br>➤ BJP leader calls for separate Jammu state, Omar Abdullah responds: ‘You couldn’t handle Ladakh…’<br>➤ ""Non-existent"" terrorist recruitment indicates positive change in J-K: Army Chief Dwivedi<br>➤ Cold wave grips Kashmir; tourists enjoy winter charm at Dal Lake<br>➤ China lays claim to Kashmir's Shaksgam Valley, says infrastructure construction justified<br>➤ Chandni Chowk to Dal Lake: A Walk Through India’s Iconic ‘Chor’ Bazaars<br>➤ Encounter Breaks Out In Jammu And Kashmir’s Kathua As Security Forces Launch Anti-Terror Operation<br>➤ Kerala tops inflation nationwide, funds remain unutilised as state blames centre; BJP flags fiscal mismanagement<br>➤ Shaksgam Valley is sacrosanct to Indian Union: New Delhi debunks the illegal claim of China over strategic zone in PoJK"
MP,22.9734,78.6569,Madhya Pradesh,12,"➤ Vijay Hazare Trophy: Delhi Knocked Out; Patidar's MP Suffer Humiliating Loss<br>➤ Madhya Pradesh will overhaul water monitoring with robotics, GIS mapping after Indore deaths<br>➤ Congress demands SC-level probe into Indore water deaths<br>➤ Madhya Pradesh says 8 died of Indore water contamination. But records show 18 families compensated<br>➤ State response on Indore water deaths insensitive, High Court says<br>➤ Cricketer Kranti Gaud’s father, suspended 13 years ago from Madhya Pradesh police, is reinstated – after CM’s nudge<br>➤ MP Govt rolls out paperless e-cabinet; CM Mohan Yadav, ministers attend meeting with tablets<br>➤ Short Trip Ideas For Long Weekends From Jan to May 2026<br>➤ Madhya Pradesh High Court Rules Guardians Can Be Held Responsible for Minors Flying Kites with Chinese String<br>➤ No Sex For Eight Years? Indore Man Allegedly Murders Wife For Refusing Intimacy<br>➤ Kerala tops inflation nationwide, funds remain unutilised as state blames centre; BJP flags fiscal mismanagement<br>➤ Madhya Pradesh Farmers Await A Fair Deal From Budget 2026"
GJ,22.2587,71.1924,Gujarat,11,"➤ Class 12 girl kidnapped, gang-raped inside moving car in Bikaner<br>➤ Gujarat High Court Rejects Kejriwal’s Plea In PM Modi Degree Defamation Case<br>➤ Gujarat Titans to roll-out third edition of junior titans across five cities in state<br>➤ India a ‘Partner of Choice’ for Germany; India–EU FTA Crucial for Deeper Economic Ties: German Chancellor Merz<br>➤ PM Modi, German Chancellor Fly Lord Hanuman Kite in Gujarat as ‘Operation Sindoor’ Banner Soars; India–EU Free Trade Deal on Agenda<br>➤ India’s pandemic preparedness gets a boost with 2nd level-4 biocontainment facility in Gujarat<br>➤ KP Group signs ₹4,000 crore MoU with Gujarat for renewable energy projects<br>➤ PM degree case: Gujarat HC dismisses AAP leaders’ plea for separate trials<br>➤ Emraan Hashmi’s flight fails to land in Ahmedabad: Reports<br>➤ German Chancellor pays tributes to Mahatma Gandhi<br>➤ The 1950s Backdrop To Thackerays' Gujarat Plot Charge Ahead Of BMC Polls"
TG,18.1124,79.0193,Telangana,11,"➤ Telangana rights panel slams ‘medical negligence’, recommends Rs 8 lakh additional compensation, job for family after botched surgery death<br>➤ Muslim man who defecated inside Hindu temple in Hyderabad dubbed as ‘mentally unsound’: List of cases where similar alibi has been used to whitewash hate crime and Hinduphobia<br>➤ ""Congress hypocrisy exposed"": Telangana BJP chief Ramchander Rao on Revanth Reddy's auto-debit traffic fine plan<br>➤ SIT headed by CP Sajjnar to probe defamatory content against ministers<br>➤ Telangana DCA busts racket selling fake anti-epileptic drug<br>➤ Hyderabad: HYDRAA receives 76 complaints during Prajavani<br>➤ 47 metric tonnes of e-waste collected as GHMC launches drive<br>➤ Elderly woman injured after leg gets entangled in ‘Chinese Manja’ in Hyderabad<br>➤ Telangana: Altaf arrested for alleged desecration at Katta Maisamma Temple in Hyderabad; Congress maintains silence<br>➤ Take Care Of Your Parents Or Lose 15% Salary: Telangana Plans New Law<br>➤ Hyderabad Man Duped Of Rs 27 Lakh In Online Trading Scam"
BR,25.0961,85.3131,Bihar,11,"➤ Abducted and raped, Bihar orchestra dancer rescued after calling cops with intoxicated accused’s phone<br>➤ Murder to riots, serious violent crimes in Bihar fall to lowest in over two decades<br>➤ Bribery, DA cases hit 25-year high in 2025 as corruption FIRs nearly double in Bihar<br>➤ Over 250 years old, struggling Munger gun factories get a shot in the arm<br>➤ Red faces in Bihar Congress as leaders come to blows during meeting to review election drubbing<br>➤ 2 cops accused of pocketing gold, silver, cash found in raid at thief’s Bihar home<br>➤ BJP to get new President soon as Nitin Nabin to file nomination for top post on this date<br>➤ This 17-YO From Gurugram Built a Platform Helping Over 4000 Indian Artisans Earn Directly<br>➤ Bihar Horror: 6 Men Abduct Woman From Road, Force Her To Drink Alcohol And Gang-Rape Her<br>➤ Kerala tops inflation nationwide, funds remain unutilised as state blames centre; BJP flags fiscal mismanagement<br>➤ What Remains Of The Darbhanga Royal Family That Once Donated 600 Kg Gold"
AS,31.1048,77.1734,Assam,10,"➤ Seed money, big dreams: Eye on Assam elections, CM rolls out MMUA funds; ‘Lakhpati Didi’ vision gains ground<br>➤ Communal tension grips Assam’s Kokrajhar over rape case, accused shot at ‘while trying to flee custody’<br>➤ 21 officers awarded for ‘child-friendly policing’ in Assam<br>➤ Vande Bharat Sleeper to Amrit Bharat Express: Poll-bound West Bengal, Assam to get 11 new trains – Full list, routes<br>➤ ‘India’s PM will always be a Hindu’: Assam CM Himanta replies to Owaisi’s ‘hijab-clad woman as PM’ remark<br>➤ ‘Conspiracy to delete large number of voters’: Assam Opposition steps up ‘vote chori’ claims against BJP, approaches police, ECI<br>➤ Congress’s latest ‘vote chori’ claim: ‘Temporary voters’ in Assam<br>➤ Assam is gearing up to celebrate Magh Bihu on Jan 13-14<br>➤ AAMSU Urges Election Commission to Include NRC Names in Final Electoral Rolls for Assam Voters<br>➤ Kerala tops inflation nationwide, funds remain unutilised as state blames centre; BJP flags fiscal mismanagement"
OD,20.9517,85.0985,Odisha,10,"➤ Security stepped up after bomb threats to Odisha courts, police chief says ‘closely monitoring’ situation<br>➤ Over a lakh enumerators, 15,000 supervisors: How Odisha is gearing up for Census<br>➤ ‘Habitual RTI applicant took bribes from officials to withdraw applications’: Odisha Information Commission approaches police<br>➤ Four children sustain severe burns after fellow student throws paint thinner, lights match in Odisha school<br>➤ Odisha: Two jaundice cases detected at Dhenkanal school<br>➤ Odisha Football Club confirms its participation in upcoming ISL season<br>➤ Short Trip Ideas For Long Weekends From Jan to May 2026<br>➤ 1.3 Lakh Pregnant Women in Odisha Benefit From Free Ultrasound Services, Thanks to This IAS Officer<br>➤ Kerala tops inflation nationwide, funds remain unutilised as state blames centre; BJP flags fiscal mismanagement<br>➤ Odisha: Concern over law and order as local residents oppose proposed Tablighi event in Khurda district"
UT,30.0668,79.0193,Uttarakhand,9,"➤ Exclusive: Hiccup in Beatles Ashram revamp plan prompts sharp response from Uttarakhand govt<br>➤ Pressure mounting, Uttarakhand CM recommends CBI probe into Ankita Bhandari murder<br>➤ ‘Doesn’t it look like conspiracy to you?’: Uttarakhand CM Dhami suggests Ankita Bhandari protests meant to hinder his work, promises no one will be shielded<br>➤ Uttarakhand SIC orders High Court to disclose status of corruption complaints against subordinate judiciary<br>➤ Uttarakhand CM Dhami extends Lohri greetings to people of the state<br>➤ Short Trip Ideas For Long Weekends From Jan to May 2026<br>➤ This Uttarakhand Village Has Hung Corn Outside Homes for Generations — Here’s Why<br>➤ 5 Uttarakhand Treks That Offer Peace, Solitude & Spectacular Views<br>➤ Earthquake of magnitude 3.5 hits Bageshwar in Uttarakhand"
UP,26.8467,80.9462,Uttar Pradesh,8,"➤ SC grants bail to MLA Abbas Ansari in UP Gangsters Act case<br>➤ Union Minister Kiren Rijiju arrives in Lucknow, to participate in VB G RAM G act events<br>➤ Mathura murder case: Husband killed wife with friend's help, arrested after encounter<br>➤ The Story Behind the Culinary Genius Whose Lucknow Cuisine Was Loved by the Queen<br>➤ How an IAS Officer Rejuvenated the 110-km Sot River and Transformed Sambhal’s Water Landscape<br>➤ Kerala tops inflation nationwide, funds remain unutilised as state blames centre; BJP flags fiscal mismanagement<br>➤ Screams, smashed skulls, flying flesh: Labourer descends into psychosis, kills wife and mother; cannibal horror stuns UP village<br>➤ Food Authority Seizes 7,210 Kg Of Adulterated Ghee In Uttar Pradesh"
HR,29.0588,76.0856,Haryana,8,"➤ Panchkula residents challenge Haryana’s ‘unjustified’ fixed power tariffs before regulatory commission<br>➤ Supreme Court issues notice in Haryana DSP seniority dispute; UPSC impleaded<br>➤ Supreme Court issues notice in Haryana DSP seniority dispute; UPSC impleaded as respondent<br>➤ Couple Quits Gurugram Life to Build Storybook Homestay in the Forests of Himachal<br>➤ Short Trip Ideas For Long Weekends From Jan to May 2026<br>➤ This 17-YO From Gurugram Built a Platform Helping Over 4000 Indian Artisans Earn Directly<br>➤ Haryana police takes down 67 songs promoting gangs and gun culture<br>➤ Kerala tops inflation nationwide, funds remain unutilised as state blames centre; BJP flags fiscal mismanagement"
CT,21.2787,81.8661,Chhattisgarh,6,"➤ Missing letter leads to headmistress’s suspension after exam question ‘hurts religious sentiment’ in Chhattisgarh<br>➤ VC asks writer Manoj Rupda to leave seminar at Chhattisgarh varsity; later says outrage ‘blown out of proportion’<br>➤ Chhattisgarh Congress MLA arrested in cheating case, party calls it BJP ‘conspiracy’<br>➤ Tug of war between Chhattisgarh BJP MP, minister goes to High Court<br>➤ As Chhattisgarh sees 26 more Maoist surrenders, police say insurgents ‘nearly pushed out’ of Sukma<br>➤ Former Union minister’s son arrested in Raipur hit-and-run, granted bail; ‘CCTV stopped working hour before incident’"
PB,31.1471,75.3412,Punjab,6,"➤ Vijay Hazare Trophy: Delhi Knocked Out; Patidar's MP Suffer Humiliating Loss<br>➤ Who is Dulla Bhatti, the Robinhood of Punjab Immortalised in Famous Lohri Song?<br>➤ Supreme Court issues notice in Haryana DSP seniority dispute; UPSC impleaded<br>➤ Supreme Court issues notice in Haryana DSP seniority dispute; UPSC impleaded as respondent<br>➤ Harbhajan Singh welcomes Bathinda Premier League, says many cricketers will get an opportunity<br>➤ Punjab Police Officers Request Additional Time to Respond to FIR Against Kapil Mishra Over Video Controversy"
GA,15.2993,74.124,Goa,5,"➤ ‘Had disagreements… but never left’: New AAP Goa chief after party picks founding member as state chief amid turmoil<br>➤ ‘Wonder the state of the common man’: Goa MP gets EC notice over SIR<br>➤ ‘Enough is enough’ echoes in Panaji as prominent Goans gather in major push to protect state’s hills, lakes, identity<br>➤ Short Trip Ideas For Long Weekends From Jan to May 2026<br>➤ Watch: Goa Woman Helps Foreign Tourist After Google Maps Glitch Leaves Her Stranded"
RJ,27.0238,74.2179,Rajasthan,4,"➤ Class 12 girl kidnapped, gang-raped inside moving car in Bikaner<br>➤ Rajasthan ACB ‘exposes’ Rs 2000 crore mid-day meal scam, 21 booked<br>➤ 14 Patients Shifted Out Of ICU Due To Water Leak In Jaipur Hospital<br>➤ Man, 68, Escapes Jail For Robbery. 50 Cases Filed Against Him Since 1984"
MN,24.6637,93.9063,Manipur,3,➤ Manipur fuel stations shut down indefinitely after bomb attack in Bishnupur<br>➤ Manipur violence: The first of cases being probed by CBI reaches trial stage<br>➤ Odisha: Concern over law and order as local residents oppose proposed Tablighi event in Khurda district
AP,15.9129,79.74,Andhra Pradesh,3,"➤ Sabarimala season lifts pepper prices, cheers Idukki farmers<br>➤ The Story Behind the Culinary Genius Whose Lucknow Cuisine Was Loved by the Queen<br>➤ YSR Congress Protests Closure Of Skill Scam Case Against Chandrababu Naidu"
JH,23.6102,85.2799,Jharkhand,3,"➤ Abducted by armed militants in Niger, 5 Jharkhand workers released after MEA, state govt efforts over 8 months<br>➤ Jharkhand woman overcomes father’s murder, poverty to join BSF<br>➤ Connecting children to Bharatiya culture key to counter social media’s harmful impact: Dattatreya Hosabale"
HP,31.1048,77.1734,Himachal Pradesh,2,"➤ HPBOSE set to roll out ""one school, one syllabus"" scheme to reduce pressure from Class 10 students<br>➤ Couple Quits Gurugram Life to Build Storybook Homestay in the Forests of Himachal"
AR,28.218,94.7278,Arunachal Pradesh,2,"➤ China provokes again, claims Shaksgam Valley based on illegal 1963 deal with Pakistan: Know why this Himalayan territory was always a part of India<br>➤ Arunachal Pradesh Lottery Singam Summit Noon Winners 13 January - Full Results And Prize Details"
LD,10.0,73.0,Lakshadweep,2,➤ Defence Minister addresses joint services Multi-Speciality camp in Lakshadweep via video conference<br>➤ Call to set up integrated fisheries hub in Lakshadweep
KA,15.3173,75.7139,Karnataka,2,"➤ ""Unnecessary statements being made to create confusion"": Karnataka Minister G Parameshwara on Hate speech bill<br>➤ GBA Corporation Elections to be held as per Supreme Court order: Karnataka Dy CM Shivakumar"
NL,26.1584,94.5624,Nagaland,2,➤ Nagaland Sambad Lottery Dear Shine Tuesday Winners On 13 January At 1 PM<br>➤ Nagaland Sambad Lottery Dear Clover Winners 12 January 8 PM - Full Results And Details
SK,27.533,88.5122,Sikkim,2,"➤ Short Trip Ideas For Long Weekends From Jan to May 2026<br>➤ This Rare Himalayan Flower Blooms Once in Decades, Revealing a Fragile Wonder"
LA,34.2996,78.2932,Ladakh,2,➤ Shaksgam Valley is sacrosanct to Indian Union: New Delhi debunks the illegal claim of China over strategic zone in PoJK<br>➤ 'Pak Will Fall Apart Soon': Ladakh Lt Governor On China's Shaksgam Claim
ML,25.467,91.3662,Meghalaya,1,➤ Short Trip Ideas For Long Weekends From Jan to May 2026
PY,11.9416,79.8083,Puducherry,1,➤ Pongal fete: Banks in TN to remain closed for 4 days
TR,23.9408,91.9882,Tripura,1,➤ Ten Arrested After Communal Violence In Tripura’s Unakoti District
